{
    "$schema": "https://schema.management.azure.com/schemas/2015-01-01/deploymentTemplate.json#",
    "contentVersion": "1.0.0.0",
    "parameters": {
        "virtualMachines_WindowsM_name": {
            "defaultValue": "WindowsM",
            "type": "String"
        },
        "disks_WindowsM_OsDisk_1_98f6ccb4bd8e4ccfbc1ec4c459d59666_externalid": {
            "defaultValue": "/subscriptions/058a59ac-a1a2-451a-b91d-7a5099f0b4dc/resourceGroups/Windows1_group/providers/Microsoft.Compute/disks/WindowsM_OsDisk_1_98f6ccb4bd8e4ccfbc1ec4c459d59666",
            "type": "String"
        },
        "networkInterfaces_windowsm752_externalid": {
            "defaultValue": "/subscriptions/058a59ac-a1a2-451a-b91d-7a5099f0b4dc/resourceGroups/Windows1_group/providers/Microsoft.Network/networkInterfaces/windowsm752",
            "type": "String"
        }
    },
    "variables": {},
    "resources": [
        {
            "type": "Microsoft.Compute/virtualMachines",
            "apiVersion": "2019-07-01",
            "name": "[parameters('virtualMachines_WindowsM_name')]",
            "location": "eastus",
            "properties": {
                "hardwareProfile": {
                    "vmSize": "Standard_B1ms"
                },
                "storageProfile": {
                    "imageReference": {
                        "publisher": "MicrosoftWindowsDesktop",
                        "offer": "Windows-10",
                        "sku": "rs5-pro",
                        "version": "latest"
                    },
                    "osDisk": {
                        "osType": "Windows",
                        "name": "[concat(parameters('virtualMachines_WindowsM_name'), '_OsDisk_1_98f6ccb4bd8e4ccfbc1ec4c459d59666')]",
                        "createOption": "FromImage",
                        "caching": "ReadWrite",
                        "managedDisk": {
                            "id": "[parameters('disks_WindowsM_OsDisk_1_98f6ccb4bd8e4ccfbc1ec4c459d59666_externalid')]"
                        }
                    },
                    "dataDisks": []
                },
                "osProfile": {
                    "computerName": "[parameters('virtualMachines_WindowsM_name')]",
                    "adminUsername": "MightyMen",
                    "windowsConfiguration": {
                        "provisionVMAgent": true,
                        "enableAutomaticUpdates": true
                    },
                    "secrets": [],
                    "allowExtensionOperations": true,
                    "requireGuestProvisionSignal": true
                },
                "networkProfile": {
                    "networkInterfaces": [
                        {
                            "id": "[parameters('networkInterfaces_windowsm752_externalid')]"
                        }
                    ]
                },
                "diagnosticsProfile": {
                    "bootDiagnostics": {
                        "enabled": true
                    }
                },
                "licenseType": "Windows_Client"
            }
        }
    ]
}